{
    "normals": [-0.100497,-0.842402,-0.529344,0.496414,-0.503525,-0.707083,0.702017,-0.712119,0,0.053407,-0.998566,0,-0.472121,-0.465438,-0.748589,0,0,-1,-0.843745,-0.088473,-0.529344,-0.496414,0.503525,-0.707083,-0.997681,0.067629,0,-0.702017,0.712119,0,-0.843745,-0.088473,0.529344,-0.496414,0.503525,0.707083,-0.472121,-0.465438,0.748589,0,0,1,-0.100497,-0.842402,0.529344,0.496414,-0.503525,0.707083,0.843745,0.088473,-0.529344,0.997681,-0.067629,0,0.472121,0.465438,-0.748589,0.100497,0.842402,-0.529344,-0.053407,0.998566,0,0.100497,0.842402,0.529344,0.472121,0.465438,0.748589,0.843745,0.088473,0.529344,-0.712119,-0.702017,0,0.712119,0.702017,0,-0.975921,-0.217994,0,-0.094241,-0.995544,0,0,0,-0.999969,-0.508896,0.860805,0,0.661397,0.749992,0,0.917692,-0.397259,0,0.216926,-0.220038,-0.951048,0.712119,0.702048,0,-0.567949,0.576128,-0.587756,-0.567949,0.576098,-0.587756,-0.567949,0.576098,0.587756,0.216926,-0.220038,0.951048],
    "uvs": [],
    "name": "Untitled.005Geometry.2",
    "materials": [{
        "shading": "phong",
        "DbgName": "Material.001",
        "colorDiffuse": [0.470588,0.470588,0.470588],
        "wireframe": false,
        "DbgColor": 15658734,
        "opacity": 1,
        "transparent": false,
        "depthWrite": true,
        "DbgIndex": 0,
        "colorEmissive": [0,0,0],
        "blending": "NormalBlending",
        "depthTest": true,
        "visible": true,
        "colorAmbient": [0.470588,0.470588,0.470588]
    }],
    "metadata": {
        "normals": 38,
        "uvs": 0,
        "faces": 126,
        "materials": 1,
        "version": 3,
        "type": "Geometry",
        "generator": "io_three",
        "vertices": 122
    },
    "faces": [35,3,11,10,2,0,0,1,2,3,35,4,12,11,3,0,4,5,1,0,35,5,13,12,4,0,6,7,5,4,35,6,14,13,5,0,8,9,7,6,35,7,15,14,6,0,10,11,9,8,35,8,16,15,7,0,12,13,11,10,35,9,17,16,8,0,14,15,13,12,35,2,10,17,9,0,3,2,15,14,35,11,19,18,10,0,1,16,17,2,35,12,20,19,11,0,5,18,16,1,35,13,21,20,12,0,7,19,18,5,35,14,22,21,13,0,9,20,19,7,35,15,23,22,14,0,11,21,20,9,35,16,24,23,15,0,13,22,21,11,35,17,25,24,16,0,15,23,22,13,35,10,18,25,17,0,2,17,23,15,34,3,2,0,0,0,3,24,34,1,18,19,0,25,17,16,34,4,3,0,0,4,0,24,34,1,19,20,0,25,16,18,34,5,4,0,0,6,4,24,34,1,20,21,0,25,18,19,34,6,5,0,0,8,6,24,34,1,21,22,0,25,19,20,34,7,6,0,0,10,8,24,34,1,22,23,0,25,20,21,34,8,7,0,0,12,10,24,34,1,23,24,0,25,21,22,34,9,8,0,0,14,12,24,34,1,24,25,0,25,22,23,34,2,9,0,0,3,14,24,34,1,25,18,0,25,23,17,34,32,28,26,0,13,13,13,35,33,34,30,29,0,26,26,27,27,34,35,27,31,0,5,5,28,34,36,32,26,0,13,13,13,35,37,38,34,33,0,29,29,26,26,34,39,27,35,0,5,5,5,34,40,36,26,0,13,13,13,35,41,42,38,37,0,30,30,29,29,34,43,27,39,0,28,5,5,34,44,40,26,0,13,13,13,35,45,46,42,41,0,31,31,30,30,34,47,27,43,0,5,5,28,34,28,44,26,0,13,13,13,35,29,30,46,45,0,27,27,31,31,34,31,27,47,0,28,5,5,35,51,59,58,50,0,0,1,2,3,35,52,60,59,51,0,4,5,1,0,35,53,61,60,52,0,6,7,5,4,35,54,62,61,53,0,8,9,7,6,35,55,63,62,54,0,10,11,9,8,35,56,64,63,55,0,12,13,11,10,35,57,65,64,56,0,14,15,13,12,35,50,58,65,57,0,3,2,15,14,35,59,67,66,58,0,1,16,17,2,35,60,68,67,59,0,5,18,16,1,35,61,69,68,60,0,7,19,18,5,35,62,70,69,61,0,9,20,19,7,35,63,71,70,62,0,11,21,20,9,35,64,72,71,63,0,13,22,21,11,35,65,73,72,64,0,15,23,22,13,35,58,66,73,65,0,2,17,23,15,34,51,50,48,0,0,3,24,34,49,66,67,0,25,17,16,34,52,51,48,0,4,0,24,34,49,67,68,0,25,16,18,34,53,52,48,0,6,4,24,34,49,68,69,0,25,18,19,34,54,53,48,0,8,6,24,34,49,69,70,0,25,19,20,34,55,54,48,0,10,8,24,34,49,70,71,0,25,20,21,34,56,55,48,0,12,10,24,34,49,71,72,0,25,21,22,34,57,56,48,0,14,12,24,34,49,72,73,0,25,22,23,34,50,57,48,0,3,14,24,34,49,73,66,0,25,23,17,34,80,76,74,0,24,24,24,35,81,82,78,77,0,32,32,2,2,34,83,75,79,0,25,25,33,34,84,80,74,0,24,24,24,35,85,86,82,81,0,34,35,32,32,34,87,75,83,0,25,25,25,34,88,84,74,0,24,24,24,35,89,90,86,85,0,36,36,35,34,34,91,75,87,0,25,25,25,34,92,88,74,0,24,24,24,35,93,94,90,89,0,37,37,36,36,34,95,75,91,0,25,25,25,34,76,92,74,0,24,24,24,35,77,78,94,93,0,2,2,37,37,34,79,75,95,0,33,25,25,35,99,107,106,98,0,0,1,2,3,35,100,108,107,99,0,4,5,1,0,35,101,109,108,100,0,6,7,5,4,35,102,110,109,101,0,8,9,7,6,35,103,111,110,102,0,10,11,9,8,35,104,112,111,103,0,12,13,11,10,35,105,113,112,104,0,14,15,13,12,35,98,106,113,105,0,3,2,15,14,35,107,115,114,106,0,1,16,17,2,35,108,116,115,107,0,5,18,16,1,35,109,117,116,108,0,7,19,18,5,35,110,118,117,109,0,9,20,19,7,35,111,119,118,110,0,11,21,20,9,35,112,120,119,111,0,13,22,21,11,35,113,121,120,112,0,15,23,22,13,35,106,114,121,113,0,2,17,23,15,34,99,98,96,0,0,3,24,34,97,114,115,0,25,17,16,34,100,99,96,0,4,0,24,34,97,115,116,0,25,16,18,34,101,100,96,0,6,4,24,34,97,116,117,0,25,18,19,34,102,101,96,0,8,6,24,34,97,117,118,0,25,19,20,34,103,102,96,0,10,8,24,34,97,118,119,0,25,20,21,34,104,103,96,0,12,10,24,34,97,119,120,0,25,21,22,34,105,104,96,0,14,12,24,34,97,120,121,0,25,22,23,34,98,105,96,0,3,14,24,34,97,121,114,0,25,23,17],